INSERT INTO `db_example`.`target_audiance` (`id`) VALUES (1);
INSERT INTO `db_example`.`target_audiance` (`id`) VALUES (2);
INSERT INTO `db_example`.`target_audiance` (`id`) VALUES (3);
INSERT INTO `db_example`.`target_audiance` (`id`) VALUES (4);
INSERT INTO `db_example`.`target_audiance` (`id`) VALUES (5);
INSERT INTO `db_example`.`target_audiance` (`id`) VALUES (6);
INSERT INTO `db_example`.`target_audiance` (`id`) VALUES (7);

INSERT INTO `db_example`.`target_audiance_languages` (`target_audiance_id`, `languages`) VALUES (1, 'FR');
INSERT INTO `db_example`.`target_audiance_languages` (`target_audiance_id`, `languages`) VALUES (1, 'EN');
INSERT INTO `db_example`.`target_audiance_languages` (`target_audiance_id`, `languages`) VALUES (1, 'DE');
INSERT INTO `db_example`.`target_audiance_languages` (`target_audiance_id`, `languages`) VALUES (2, 'FR');
INSERT INTO `db_example`.`target_audiance_languages` (`target_audiance_id`, `languages`) VALUES (2, 'EN');
INSERT INTO `db_example`.`target_audiance_languages` (`target_audiance_id`, `languages`) VALUES (2, 'DE');
INSERT INTO `db_example`.`target_audiance_languages` (`target_audiance_id`, `languages`) VALUES (3, 'FR');
INSERT INTO `db_example`.`target_audiance_languages` (`target_audiance_id`, `languages`) VALUES (3, 'EN');
INSERT INTO `db_example`.`target_audiance_languages` (`target_audiance_id`, `languages`) VALUES (3, 'DE');
INSERT INTO `db_example`.`target_audiance_languages` (`target_audiance_id`, `languages`) VALUES (4, 'EN');
INSERT INTO `db_example`.`target_audiance_languages` (`target_audiance_id`, `languages`) VALUES (5, 'EN');
INSERT INTO `db_example`.`target_audiance_languages` (`target_audiance_id`, `languages`) VALUES (6, 'EN');
INSERT INTO `db_example`.`target_audiance_languages` (`target_audiance_id`, `languages`) VALUES (7, 'EN');

INSERT INTO `db_example`.`target_audiance_genders` (`target_audiance_id`, `genders`) VALUES (1, 'M');
INSERT INTO `db_example`.`target_audiance_genders` (`target_audiance_id`, `genders`) VALUES (1, 'F');
INSERT INTO `db_example`.`target_audiance_genders` (`target_audiance_id`, `genders`) VALUES (2, 'M');
INSERT INTO `db_example`.`target_audiance_genders` (`target_audiance_id`, `genders`) VALUES (2, 'F');
INSERT INTO `db_example`.`target_audiance_genders` (`target_audiance_id`, `genders`) VALUES (3, 'M');
INSERT INTO `db_example`.`target_audiance_genders` (`target_audiance_id`, `genders`) VALUES (3, 'F');
INSERT INTO `db_example`.`target_audiance_genders` (`target_audiance_id`, `genders`) VALUES (4, 'M');
INSERT INTO `db_example`.`target_audiance_genders` (`target_audiance_id`, `genders`) VALUES (4, 'F');
INSERT INTO `db_example`.`target_audiance_genders` (`target_audiance_id`, `genders`) VALUES (5, 'M');
INSERT INTO `db_example`.`target_audiance_genders` (`target_audiance_id`, `genders`) VALUES (5, 'F');
INSERT INTO `db_example`.`target_audiance_genders` (`target_audiance_id`, `genders`) VALUES (6, 'M');
INSERT INTO `db_example`.`target_audiance_genders` (`target_audiance_id`, `genders`) VALUES (6, 'F');
INSERT INTO `db_example`.`target_audiance_genders` (`target_audiance_id`, `genders`) VALUES (7, 'M');
INSERT INTO `db_example`.`target_audiance_genders` (`target_audiance_id`, `genders`) VALUES (7, 'F');

INSERT INTO `db_example`.`target_audiance_age_range` (`target_audiance_id`, `age_range`) VALUES (1, 20);
INSERT INTO `db_example`.`target_audiance_age_range` (`target_audiance_id`, `age_range`) VALUES (1, 66);
INSERT INTO `db_example`.`target_audiance_age_range` (`target_audiance_id`, `age_range`) VALUES (2, 20);
INSERT INTO `db_example`.`target_audiance_age_range` (`target_audiance_id`, `age_range`) VALUES (2, 66);
INSERT INTO `db_example`.`target_audiance_age_range` (`target_audiance_id`, `age_range`) VALUES (3, 20);
INSERT INTO `db_example`.`target_audiance_age_range` (`target_audiance_id`, `age_range`) VALUES (3, 66);
INSERT INTO `db_example`.`target_audiance_age_range` (`target_audiance_id`, `age_range`) VALUES (4, 20);
INSERT INTO `db_example`.`target_audiance_age_range` (`target_audiance_id`, `age_range`) VALUES (4, 45);
INSERT INTO `db_example`.`target_audiance_age_range` (`target_audiance_id`, `age_range`) VALUES (5, 20);
INSERT INTO `db_example`.`target_audiance_age_range` (`target_audiance_id`, `age_range`) VALUES (5, 45);
INSERT INTO `db_example`.`target_audiance_age_range` (`target_audiance_id`, `age_range`) VALUES (6, 20);
INSERT INTO `db_example`.`target_audiance_age_range` (`target_audiance_id`, `age_range`) VALUES (6, 65);
INSERT INTO `db_example`.`target_audiance_age_range` (`target_audiance_id`, `age_range`) VALUES (7, 20);
INSERT INTO `db_example`.`target_audiance_age_range` (`target_audiance_id`, `age_range`) VALUES (7, 45);

INSERT INTO `db_example`.`target_audiance_locations` (`target_audiance_id`, `locations`) VALUES (1, 'France');
INSERT INTO `db_example`.`target_audiance_locations` (`target_audiance_id`, `locations`) VALUES (1, 'Germany');
INSERT INTO `db_example`.`target_audiance_locations` (`target_audiance_id`, `locations`) VALUES (1, 'Switzerland');
INSERT INTO `db_example`.`target_audiance_locations` (`target_audiance_id`, `locations`) VALUES (2, 'France');
INSERT INTO `db_example`.`target_audiance_locations` (`target_audiance_id`, `locations`) VALUES (2, 'Germany');
INSERT INTO `db_example`.`target_audiance_locations` (`target_audiance_id`, `locations`) VALUES (2, 'Switzerland');
INSERT INTO `db_example`.`target_audiance_locations` (`target_audiance_id`, `locations`) VALUES (3, 'France');
INSERT INTO `db_example`.`target_audiance_locations` (`target_audiance_id`, `locations`) VALUES (3, 'Germany');
INSERT INTO `db_example`.`target_audiance_locations` (`target_audiance_id`, `locations`) VALUES (3, 'Switzerland');
INSERT INTO `db_example`.`target_audiance_locations` (`target_audiance_id`, `locations`) VALUES (3, 'Italy');
INSERT INTO `db_example`.`target_audiance_locations` (`target_audiance_id`, `locations`) VALUES (3, 'Spain');
INSERT INTO `db_example`.`target_audiance_locations` (`target_audiance_id`, `locations`) VALUES (3, 'Belgium');
INSERT INTO `db_example`.`target_audiance_locations` (`target_audiance_id`, `locations`) VALUES (3, 'United Kingdom');
INSERT INTO `db_example`.`target_audiance_locations` (`target_audiance_id`, `locations`) VALUES (3, 'Poland');
INSERT INTO `db_example`.`target_audiance_locations` (`target_audiance_id`, `locations`) VALUES (4, 'Switzerland');
INSERT INTO `db_example`.`target_audiance_locations` (`target_audiance_id`, `locations`) VALUES (5, 'Switzerland');
INSERT INTO `db_example`.`target_audiance_locations` (`target_audiance_id`, `locations`) VALUES (6, 'Switzerland');
INSERT INTO `db_example`.`target_audiance_locations` (`target_audiance_id`, `locations`) VALUES (7, 'Switzerland');

INSERT INTO `db_example`.`target_audiance_interests` (`target_audiance_id`, `interests`) VALUES (1, 'Docker');
INSERT INTO `db_example`.`target_audiance_interests` (`target_audiance_id`, `interests`) VALUES (1, 'Kubernates');
INSERT INTO `db_example`.`target_audiance_interests` (`target_audiance_id`, `interests`) VALUES (1, 'DevOps');
INSERT INTO `db_example`.`target_audiance_interests` (`target_audiance_id`, `interests`) VALUES (1, 'AWS');
INSERT INTO `db_example`.`target_audiance_interests` (`target_audiance_id`, `interests`) VALUES (1, 'Google Cloud Platform');
INSERT INTO `db_example`.`target_audiance_interests` (`target_audiance_id`, `interests`) VALUES (1, 'Ubuntu');
INSERT INTO `db_example`.`target_audiance_interests` (`target_audiance_id`, `interests`) VALUES (2, 'Docker');
INSERT INTO `db_example`.`target_audiance_interests` (`target_audiance_id`, `interests`) VALUES (2, 'Kubernates');
INSERT INTO `db_example`.`target_audiance_interests` (`target_audiance_id`, `interests`) VALUES (2, 'DevOps');
INSERT INTO `db_example`.`target_audiance_interests` (`target_audiance_id`, `interests`) VALUES (2, 'AWS');
INSERT INTO `db_example`.`target_audiance_interests` (`target_audiance_id`, `interests`) VALUES (2, 'Google Cloud Platform');
INSERT INTO `db_example`.`target_audiance_interests` (`target_audiance_id`, `interests`) VALUES (2, 'Ubuntu');
INSERT INTO `db_example`.`target_audiance_interests` (`target_audiance_id`, `interests`) VALUES (4, 'Docker');
INSERT INTO `db_example`.`target_audiance_interests` (`target_audiance_id`, `interests`) VALUES (4, 'Kubernates');
INSERT INTO `db_example`.`target_audiance_interests` (`target_audiance_id`, `interests`) VALUES (4, 'DevOps');
INSERT INTO `db_example`.`target_audiance_interests` (`target_audiance_id`, `interests`) VALUES (4, 'AWS');
INSERT INTO `db_example`.`target_audiance_interests` (`target_audiance_id`, `interests`) VALUES (4, 'Google Cloud Platform');
INSERT INTO `db_example`.`target_audiance_interests` (`target_audiance_id`, `interests`) VALUES (4, 'Ubuntu');
INSERT INTO `db_example`.`target_audiance_interests` (`target_audiance_id`, `interests`) VALUES (5, 'Docker');
INSERT INTO `db_example`.`target_audiance_interests` (`target_audiance_id`, `interests`) VALUES (5, 'Kubernates');
INSERT INTO `db_example`.`target_audiance_interests` (`target_audiance_id`, `interests`) VALUES (5, 'DevOps');
INSERT INTO `db_example`.`target_audiance_interests` (`target_audiance_id`, `interests`) VALUES (5, 'AWS');
INSERT INTO `db_example`.`target_audiance_interests` (`target_audiance_id`, `interests`) VALUES (5, 'Google Cloud Platform');
INSERT INTO `db_example`.`target_audiance_interests` (`target_audiance_id`, `interests`) VALUES (5, 'Ubuntu');
INSERT INTO `db_example`.`target_audiance_interests` (`target_audiance_id`, `interests`) VALUES (6, 'Software Development');
INSERT INTO `db_example`.`target_audiance_interests` (`target_audiance_id`, `interests`) VALUES (6, 'React Native');
INSERT INTO `db_example`.`target_audiance_interests` (`target_audiance_id`, `interests`) VALUES (6, 'Angular');
INSERT INTO `db_example`.`target_audiance_interests` (`target_audiance_id`, `interests`) VALUES (6, 'React');
INSERT INTO `db_example`.`target_audiance_interests` (`target_audiance_id`, `interests`) VALUES (6, 'VueJS');
INSERT INTO `db_example`.`target_audiance_interests` (`target_audiance_id`, `interests`) VALUES (6, 'Frontend Development');
INSERT INTO `db_example`.`target_audiance_interests` (`target_audiance_id`, `interests`) VALUES (7, 'Software Development');
INSERT INTO `db_example`.`target_audiance_interests` (`target_audiance_id`, `interests`) VALUES (7, 'React Native');
INSERT INTO `db_example`.`target_audiance_interests` (`target_audiance_id`, `interests`) VALUES (7, 'Angular');
INSERT INTO `db_example`.`target_audiance_interests` (`target_audiance_id`, `interests`) VALUES (7, 'React');
INSERT INTO `db_example`.`target_audiance_interests` (`target_audiance_id`, `interests`) VALUES (7, 'VueJS');
INSERT INTO `db_example`.`target_audiance_interests` (`target_audiance_id`, `interests`) VALUES (7, 'Frontend Development');
INSERT INTO `db_example`.`target_audiance_interests` (`target_audiance_id`, `interests`) VALUES (7, 'NodeJS');
INSERT INTO `db_example`.`target_audiance_interests` (`target_audiance_id`, `interests`) VALUES (7, 'Facebook Developer');
INSERT INTO `db_example`.`target_audiance_interests` (`target_audiance_id`, `interests`) VALUES (7, 'Wordpress');

INSERT INTO `db_example`.`target_audiance_key_words` (`target_audiance_id`, `key_words`) VALUES (3, 'Easy DevOps');
INSERT INTO `db_example`.`target_audiance_key_words` (`target_audiance_id`, `key_words`) VALUES (3, 'DevOps As A Service');
INSERT INTO `db_example`.`target_audiance_key_words` (`target_audiance_id`, `key_words`) VALUES (3, 'DevOps');
INSERT INTO `db_example`.`target_audiance_key_words` (`target_audiance_id`, `key_words`) VALUES (3, 'AWS');
INSERT INTO `db_example`.`target_audiance_key_words` (`target_audiance_id`, `key_words`) VALUES (3, 'Google Cloud Platform');
INSERT INTO `db_example`.`target_audiance_key_words` (`target_audiance_id`, `key_words`) VALUES (3, 'DevOps Automation');
INSERT INTO `db_example`.`target_audiance_key_words` (`target_audiance_id`, `key_words`) VALUES (3, 'One Click DevOps');
INSERT INTO `db_example`.`target_audiance_key_words` (`target_audiance_id`, `key_words`) VALUES (3, 'NoOps');


INSERT INTO `db_example`.`creatives` (`id`, `description`, `header`, `header1`, `header2`, `image`, `url`) 
VALUES (1, 'DOP SuperHero is where all DevOps is going to happen in the future, join the revolution today!', 'DevOps Made Easy, We Take care of the heavy lifting for you', NULL, NULL, 'img1.jpg', 'https://example.io');
INSERT INTO `db_example`.`creatives` (`id`, `description`, `header`, `header1`, `header2`, `image`, `url`) 
VALUES (2, 'DOP SuperHero is where all DevOps is going to happen in the future, join the revolution today!', 'DevOps Made Easy, We Take care of the heavy lifting for you', NULL, NULL, 'img1.jpg', 'https://example.io');
INSERT INTO `db_example`.`creatives` (`id`, `description`, `header`, `header1`, `header2`, `image`, `url`) 
VALUES (3, 'DOP SuperHero is where all DevOps is going to happen in the future, join the revolution today!', NULL, 'DevOps Made Easy', 'We Take care of the heavy lifting for you', 'img2.jpg', 'https://example.io');
INSERT INTO `db_example`.`creatives` (`id`, `description`, `header`, `header1`, `header2`, `image`, `url`) 
VALUES (4, 'Let us our smart AI DevOps Assistant help you!', 'Tired of doing DevOps?', NULL, NULL, 'img4.jpg', 'https://example.io');
INSERT INTO `db_example`.`creatives` (`id`, `description`, `header`, `header1`, `header2`, `image`, `url`) 
VALUES (5, 'Let us our smart AI DevOps Assistant help you #AWS #GCP #DevOps #Docker #Kubernates', 'Tired of doing DevOps ?', NULL, NULL, 'img3.jpg', 'https://example.io');
INSERT INTO `db_example`.`creatives` (`id`, `description`, `header`, `header1`, `header2`, `image`, `url`) 
VALUES (6, 'Let us take care of your frontend needs today!', 'Need Help?', NULL, NULL, 'img4.jpg', 'https://example.io');
INSERT INTO `db_example`.`creatives` (`id`, `description`, `header`, `header1`, `header2`, `image`, `url`) 
VALUES (7, 'Let us take care of your frontend needs today! #Angular #React #React_native #VueJS #VueIsAwesome, #ReactForever #ILoveAngular #Frontend #Javascript', 'Need Help?', NULL, NULL, 'img4.jpg', 'https://example.io');

INSERT INTO `db_example`.`insights` (`id`, `advanced_kpi1`, `advanced_kpi2`, `click_through_rate`, `clicks`, `cost_per_click`, `impressions`, `nanos_score`, `website_visits`) 
VALUES (1, 44.5, 0.0023, 0.09, 328, 0.88, 4503, 5.7, NULL);
INSERT INTO `db_example`.`insights` (`id`, `advanced_kpi1`, `advanced_kpi2`, `click_through_rate`, `clicks`, `cost_per_click`, `impressions`, `nanos_score`, `website_visits`) 
VALUES (2, 39, 0.00143, 0.43, 220, 1.28, 436, 5.2, 178);
INSERT INTO `db_example`.`insights` (`id`, `advanced_kpi1`, `advanced_kpi2`, `click_through_rate`, `clicks`, `cost_per_click`, `impressions`, `nanos_score`, `website_visits`) 
VALUES (3, 3.9, NULL, 0.013, 420, 0.99, 20436, NULL, 378);
INSERT INTO `db_example`.`insights` (`id`, `advanced_kpi1`, `advanced_kpi2`, `click_through_rate`, `clicks`, `cost_per_click`, `impressions`, `nanos_score`, `website_visits`) 
VALUES (4, 39.7, 0.035, 0.003, 453, 2.88, 8293, 2.9, NULL);
INSERT INTO `db_example`.`insights` (`id`, `advanced_kpi1`, `advanced_kpi2`, `click_through_rate`, `clicks`, `cost_per_click`, `impressions`, `nanos_score`, `website_visits`) 
VALUES (5, 93, 0.08332, 0.043, 1321, 4.28, 9023, 8.2, 943);
INSERT INTO `db_example`.`insights` (`id`, `advanced_kpi1`, `advanced_kpi2`, `click_through_rate`, `clicks`, `cost_per_click`, `impressions`, `nanos_score`, `website_visits`) 
VALUES (6, 0, 0, 0, 0, 0, 0, 5.9, NULL);
INSERT INTO `db_example`.`insights` (`id`, `advanced_kpi1`, `advanced_kpi2`, `click_through_rate`, `clicks`, `cost_per_click`, `impressions`, `nanos_score`, `website_visits`) 
VALUES (7, 0, 0, 0, 0, 0, 0, 8.2, 0);

INSERT INTO `db_example`.`platforms` (`end_date`, `platformname`, `remaining_budget`, `start_date`, `status`, `total_budget`, `target_audiance_id`, `creatives_id`, `insights_id`, `id`, `ads_campaign_fk`) 
VALUES (1532901600000, 'facebook', 12, 1530568800000, 'Delivering', 40, 1, 1, 1, 1, 100000001);
INSERT INTO `db_example`.`platforms` (`end_date`, `platformname`, `remaining_budget`, `start_date`, `status`, `total_budget`, `target_audiance_id`, `creatives_id`, `insights_id`, `id`, `ads_campaign_fk`) 
VALUES (1532901600000, 'instagram', 14, 1530568800000, 'Delivering', 44, 2, 2, 2, 2, 100000001);
INSERT INTO `db_example`.`platforms` (`end_date`, `platformname`, `remaining_budget`, `start_date`, `status`, `total_budget`, `target_audiance_id`, `creatives_id`, `insights_id`, `id`, `ads_campaign_fk`) 
VALUES (1532901600000, 'google', 24, 1530568800000, 'Delivering', 36, 3, 3, 3, 3, 100000001);
INSERT INTO `db_example`.`platforms` (`end_date`, `platformname`, `remaining_budget`, `start_date`, `status`, `total_budget`, `target_audiance_id`, `creatives_id`, `insights_id`, `id`, `ads_campaign_fk`) 
VALUES (1514674800000, 'facebook', 12, 1513724400000, 'Ended', 180, 4, 4, 4, 4, 100000002);
INSERT INTO `db_example`.`platforms` (`end_date`, `platformname`, `remaining_budget`, `start_date`, `status`, `total_budget`, `target_audiance_id`, `creatives_id`, `insights_id`, `id`, `ads_campaign_fk`) 
VALUES (1514674800000, 'instagram', 0, 1513724400000, 'Ended', 180, 5, 5, 5, 5, 100000002);
INSERT INTO `db_example`.`platforms` (`end_date`, `platformname`, `remaining_budget`, `start_date`, `status`, `total_budget`, `target_audiance_id`, `creatives_id`, `insights_id`, `id`, `ads_campaign_fk`) 
VALUES (1535580000000, 'facebook', 40, 1532901600000, 'Scheduled', 40, 6, 6, 6, 6, 100000003);
INSERT INTO `db_example`.`platforms` (`end_date`, `platformname`, `remaining_budget`, `start_date`, `status`, `total_budget`, `target_audiance_id`, `creatives_id`, `insights_id`, `id`, `ads_campaign_fk`) 
VALUES (1535580000000, 'instagram', 40, 1532901600000, 'Scheduled', 50, 7, 7, 7, 7, 100000003);
INSERT INTO `db_example`.`ads_campaign` (`id`, `goal`, `name`, `status`, `total_budget`) 
VALUES (100000001, 'Increase Reach', 'Test Ad 1', 'Delivering', 120);
INSERT INTO `db_example`.`ads_campaign` (`id`, `goal`, `name`, `status`, `total_budget`) 
VALUES (100000002, 'Raise Awareness', 'Test Ad 2', 'Ended', 360);
INSERT INTO `db_example`.`ads_campaign` (`id`, `goal`, `name`, `status`, `total_budget`) 
VALUES (100000003, 'Raise Awareness', 'Test Ad 3', 'Scheduled', 90);
